{"cameraMode":{"drawMode":0,"name":"Shaded","section":"Shading Mode"},"sceneLighting":false,"audioPlay":false,"sceneViewState":{"showFog":true,"showMaterialUpdate":false,"showSkybox":false,"showFlares":true,"showImageEffects":true,"showParticleSystems":true},"in2DMode":false,"pivot":{"x":-5.052030086517334,"y":-6.100855350494385,"z":-29.337228775024415},"rotation":{"x":0.15557795763015748,"y":-0.03556345775723457,"z":0.005574909970164299,"w":0.9871916770935059},"size":0.04203318804502487,"orthographic":false}