{"cameraMode":{"drawMode":0,"name":"Shaded","section":"Shading Mode"},"sceneLighting":true,"audioPlay":false,"sceneViewState":{"showFog":true,"showMaterialUpdate":false,"showSkybox":true,"showFlares":true,"showImageEffects":true,"showParticleSystems":true},"in2DMode":false,"pivot":{"x":-4.211706638336182,"y":-6.045257568359375,"z":-26.35490608215332},"rotation":{"x":0.31564095616340639,"y":-0.20009642839431764,"z":0.06821543723344803,"w":0.9250651597976685},"size":1.66298246383667,"orthographic":false}